run_index	condition	diag_score	baseline_size	empirical_p	empirical_p_low	empirical_p_two_sided	z_from_p	neglog10_p	perm_p_derangements_high	perm_p_derangements_low	perm_p_derangements_two_sided	z_perm_calibrated_derangements
0	control	6.0	221	0.6036036036036037	0.7387387387387387	1.0	-0.26268576068373706	0.21924817608583094	0.6011983988016012	0.6876133123866877	1.0	-0.2564502350857181
1	control	2.0	221	nan	nan	nan	nan	nan	nan	nan	nan	nan
2	control	4.0	221	nan	nan	nan	nan	nan	nan	nan	nan	nan
3	control	4.0	221	0.9774774774774775	0.45495495495495497	0.9099099099099099	-2.00423357987982	0.009893240602109115	0.9773480226519774	0.42996457003543	0.85992914007086	-2.0018212960043655
4	control	4.0	221	nan	nan	nan	nan	nan	nan	nan	nan	nan
5	control	6.0	221	0.6711711711711712	0.7162162162162162	1.0	-0.4431494248121575	0.17316670603836457	0.668959331040669	0.5161274838725162	1.0	-0.4370413809052741
6	control	6.0	221	0.33783783783783783	0.9009009009009009	0.6756756756756757	0.4183712879116543	0.47129171105893863	0.3346826653173347	0.8914611085388915	0.6693653306346694	0.4270192172284291
7	control	9.0	221	0.15765765765765766	0.8963963963963963	0.3153153153153153	1.0041313313244868	0.802284930100363	0.15401484598515403	0.8188311811688188	0.30802969197030805	1.0193650503294884
8	control	9.0	221	0.08558558558558559	0.9459459459459459	0.17117117117117117	1.368450292253209	1.0675993734978098	0.08165091834908166	0.9366260633739366	0.1633018366981633	1.3940522178789343
9	control	6.0	221	0.44594594594594594	0.8153153153153153	0.8918918918918919	0.1359106806464805	0.3507177798530887	0.444000555999444	0.8096091903908096	0.888001111998888	0.14083396282299354
10	control	4.0	221	0.9369369369369369	0.36036036036036034	0.7207207207207207	-1.529558186142137	0.028289639487877088	0.9367280632719367	0.35294564705435294	0.7058912941087059	-1.5278738037087338
11	control	4.0	221	0.9954954954954955	0.23423423423423423	0.46846846846846846	-2.6117120822772177	0.0019607007655279116	0.9954400045599955	0.22583877416122583	0.45167754832245166	-2.607523129729329
12	control	6.0	221	0.545045045045045	0.7297297297297297	1.0	-0.11315217624074865	0.26356760413418856	0.5435444564555435	0.6645833354166646	1.0	-0.10936740321914427
13	control	4.0	221	nan	nan	nan	nan	nan	nan	nan	nan	nan
14	control	5.0	221	0.8288288288288288	0.36036036036036034	0.7207207207207207	-0.9495472701112365	0.08153515144110217	0.8278801721198279	0.1853108146891853	0.3706216293783706	-0.9458214643635173
15	control	8.0	221	0.08558558558558559	0.972972972972973	0.17117117117117117	1.368450292253209	1.0675993734978098	0.0815889184110816	0.9680430319569681	0.1631778368221632	1.394462994287211
16	control	5.0	221	0.9279279279279279	0.22972972972972974	0.4594594594594595	-1.460531182013231	0.03248575408148525	0.9277650722349278	0.15336084663915336	0.30672169327830673	-1.459346163802694
17	control	4.0	221	0.990990990990991	0.35585585585585583	0.7117117117117117	-2.3652476466815213	0.003930293628432402	0.991002008997991	0.34832065167934834	0.6966413033586967	-2.3657007877853484
18	control	4.0	221	0.9954954954954955	0.15765765765765766	0.3153153153153153	-2.6117120822772177	0.0019607007655279116	0.9954970045029955	0.1496138503861496	0.2992277007722992	-2.6118266378749735
19	control	4.0	221	0.9954954954954955	0.3153153153153153	0.6306306306306306	-2.6117120822772177	0.0019607007655279116	0.9954000045999954	0.3082196917803082	0.6164393835606164	-2.6045317073034395
20	control	5.0	221	0.7387387387387387	0.44594594594594594	0.8918918918918919	-0.6394618524871729	0.13150912640294074	0.737962262037738	0.4351235648764351	0.8702471297528702	-0.6370757922329611
21	control	6.0	221	0.7747747747747747	0.6081081081081081	1.0	-0.754664269473103	0.11082452754308973	0.7737532262467738	0.48494151505848493	0.9698830301169699	-0.7512644034410259
22	control	6.0	221	0.4594594594594595	0.6846846846846847	0.918918918918919	0.1017955990947049	0.33775280268872104	0.4574205425794574	0.6241443758556241	0.9148410851589148	0.1069343208849854
23	control	5.0	221	0.6756756756756757	0.46846846846846846	0.9369369369369369	-0.4556403137378794	0.1702617153949574	0.6740883259116741	0.45676854323145677	0.9135370864629135	-0.4512306129129573
24	control	6.0	221	0.3108108108108108	0.8738738738738738	0.6216216216216216	0.4935533950895455	0.5075038837133833	0.30761769238230763	0.8684901315098685	0.6152353847646153	0.5026144259899358
25	control	8.0	221	0.08558558558558559	0.9684684684684685	0.17117117117117117	1.368450292253209	1.0675993734978098	0.08135391864608135	0.9097590902409097	0.1627078372921627	1.3960221096134988
26	control	6.0	221	0.5315315315315315	0.6801801801801802	1.0	-0.07912030015842841	0.27447096714451324	0.5291384708615291	0.6742543257456742	1.0	-0.0731043774540823
27	control	7.0	221	0.3738738738738739	0.6936936936936937	0.7477477477477478	0.3216105535126583	0.4272748820745647	0.3720856279143721	0.6870843129156871	0.7441712558287442	0.32633454312779503
28	control	3.0	221	0.9954954954954955	0.05855855855855856	0.11711711711711711	-2.6117120822772177	0.0019607007655279116	0.9954690045309955	0.0498979501020499	0.0997959002040998	-2.6097065938891637
29	control	8.0	221	0.22522522522522523	0.9009009009009009	0.45045045045045046	0.754664269473103	0.6473829701146199	0.2225137774862225	0.8278971721028279	0.445027554972445	0.7637310135903296
30	control	11.0	221	0.02702702702702703	0.9819819819819819	0.05405405405405406	1.9264031529639818	1.568201724066995	0.02261297738702261	0.664960335039665	0.04522595477404522	2.002546802188736
31	control	6.0	221	0.5225225225225225	0.7432432432432432	1.0	-0.05648561480015194	0.28189498522372014	0.5207874792125208	0.4881675118324882	0.9763350236649764	-0.05213008451219904
32	control	8.0	221	0.2702702702702703	0.7837837837837838	0.5405405405405406	0.6119957936995944	0.568201724066995	0.2665917334082666	0.7787512212487787	0.5331834668165332	0.6231537870597486
33	control	5.0	221	0.5765765765765766	0.7072072072072072	1.0	-0.1931431668132398	0.23914300480277026	0.575059424940575	0.6969253030746969	1.0	-0.1892700724126262
34	control	6.0	221	0.5405405405405406	0.7387387387387387	1.0	-0.10179559909470504	0.2671717284030138	0.5381314618685381	0.6789163210836789	1.0	-0.09572740316351988
35	control	4.0	221	0.990990990990991	0.2747747747747748	0.5495495495495496	-2.3652476466815213	0.003930293628432402	0.990974009025991	0.26217773782226217	0.5243554756445243	-2.364550173707236
36	control	5.0	221	0.6756756756756757	0.46396396396396394	0.9279279279279279	-0.4556403137378794	0.1702617153949574	0.6743713256286744	0.4565575434424566	0.9131150868849132	-0.45201614891537917
37	control	4.0	221	0.990990990990991	0.5630630630630631	1.0	-2.3652476466815213	0.003930293628432402	0.991043008956991	0.5568284431715568	1.0	-2.367391286945916
38	control	6.0	221	0.3963963963963964	0.8468468468468469	0.7927927927927928	0.26268576068373695	0.40187030230047	0.3936736063263937	0.7692662307337693	0.7873472126527874	0.26975699107794143
39	control	7.0	221	0.38738738738738737	0.7927927927927928	0.7747747747747747	0.28613493575491794	0.41185452320707094	0.3846586153413847	0.7873132126867873	0.7693172306827694	0.29326810527670477
40	control	5.0	221	0.6396396396396397	0.536036036036036	1.0	-0.3574957320533234	0.19406463006758212	0.6377253622746377	0.5298114701885298	1.0	-0.35238536579106644
41	control	5.0	221	0.5180180180180181	0.6936936936936937	1.0	-0.04517983902747526	0.2856551340970269	0.514969485030515	0.6211903788096211	1.0	-0.03753174397404458
42	control	6.0	221	0.49099099099099097	0.8648648648648649	0.9819819819819819	0.022584156380876554	0.30892647651001504	0.48922151077848924	0.8592871407128593	0.9784430215569785	0.02702095362388353
43	control	4.0	221	0.9774774774774775	0.32882882882882886	0.6576576576576577	-2.00423357987982	0.009893240602109115	0.9774330225669774	0.31677768322231675	0.6335553664446335	-2.003403884492045
44	control	6.0	221	0.6216216216216216	0.7612612612612613	1.0	-0.3097425315385302	0.20647388804940212	0.62000437999562	0.49325450674549326	0.9865090134909865	-0.30549229155262086
45	control	4.0	221	0.9414414414414415	0.35135135135135137	0.7027027027027027	-1.5669896232638034	0.026206688339584606	0.9413000586999413	0.2982547017452983	0.5965094034905966	-1.56578105624765
46	control	6.0	221	0.33783783783783783	0.8738738738738738	0.6756756756756757	0.4183712879116543	0.47129171105893863	0.3347156652843347	0.8504651495348504	0.6694313305686694	0.42692860415915157
47	control	4.0	221	0.9819819819819819	0.38288288288288286	0.7657657657657657	-2.096520582427628	0.007896480846033815	0.9821000178999821	0.36187563812436185	0.7237512762487237	-2.0991921673377463
48	control	5.0	221	0.7837837837837838	0.38288288288288286	0.7657657657657657	-0.785036049876892	0.10580372616803892	0.7826842173157826	0.3756956243043757	0.7513912486087514	-0.7812906545993731
49	control	12.0	221	0.018018018018018018	1.0	0.036036036036036036	2.0965205824276283	1.7442929831226763	0.013550986449013551	0.9953350046649954	0.027101972898027103	2.2100459577879024
50	control	6.0	221	0.40540540540540543	0.7792792792792793	0.8108108108108109	0.23938016267175266	0.39211046501131375	0.40275259724740275	0.7737002262997738	0.8055051944948055	0.2462287070506025
51	control	8.0	221	0.24774774774774774	0.8918918918918919	0.4954954954954955	0.6815943390528618	0.6059902849563948	0.24403675596324403	0.7232982767017233	0.48807351192648807	0.6933761717109979
52	control	6.0	221	0.4099099099099099	0.8288288288288288	0.8198198198198198	0.22777672762222836	0.3873115821295451	0.4075785924214076	0.823914176085824	0.8151571848428152	0.23377818673341194
53	control	4.0	221	0.9954954954954955	0.14414414414414414	0.2882882882882883	-2.6117120822772177	0.0019607007655279116	0.9955300044699955	0.13616686383313617	0.27233372766627234	-2.614340426567458
54	control	7.0	221	0.481981981981982	0.6306306306306306	0.963963963963964	0.04517983902747512	0.31696919676542895	0.47931952068047934	0.5343524656475344	0.9586390413609587	0.051861512749139575
55	control	4.0	221	0.9369369369369369	0.3738738738738739	0.7477477477477478	-1.529558186142137	0.028289639487877088	0.9362830637169363	0.3082986917013083	0.6165973834026166	-1.5242996580032806
56	control	6.0	221	0.46396396396396394	0.7972972972972973	0.9279279279279279	0.09045213597816885	0.33351574974546644	0.46167053832946164	0.778003221996778	0.9233410766589233	0.09622600623839371
57	control	4.0	221	0.9864864864864865	0.31981981981981983	0.6396396396396397	-2.2111272410853284	0.005908859610520279	0.9863250136749864	0.31192268807731194	0.6238453761546239	-2.2064862396942204
58	control	6.0	221	0.5855855855855856	0.7747747747747747	1.0	-0.21620388056489545	0.23240962214380184	0.5845044154955845	0.7690652309347691	1.0	-0.21343053070250645
59	control	8.0	221	0.3153153153153153	0.8873873873873874	0.6306306306306306	0.4808394206668124	0.5012549344363818	0.31223868776131225	0.8821051178948821	0.6244773755226245	0.4895146638590416
60	control	4.0	221	0.9954954954954955	0.19369369369369369	0.38738738738738737	-2.6117120822772177	0.0019607007655279116	0.9955360044639955	0.18487181512818487	0.36974363025636975	-2.614799258820921
61	control	4.0	221	0.9954954954954955	0.1981981981981982	0.3963963963963964	-2.6117120822772177	0.0019607007655279116	0.9955000044999955	0.1902138097861902	0.3804276195723804	-2.612054483098681
62	control	8.0	221	0.23873873873873874	0.9054054054054054	0.4774774774774775	0.7103655549160232	0.6220771048498496	0.23597876402123596	0.9005470994529006	0.47195752804247193	0.7192976751696727
63	control	5.0	221	0.6486486486486487	0.5405405405405406	1.0	-0.3816746537655627	0.18799048235538895	0.6468883531116469	0.5252764747235252	1.0	-0.37693313844885534
64	control	5.0	221	0.6441441441441441	0.49099099099099097	0.9819819819819819	-0.36955818561240195	0.19101693698557684	0.6434263565736434	0.4337115662884337	0.8674231325768674	-0.36763248797455655
65	control	6.0	221	0.6936936936936937	0.6711711711711712	1.0	-0.5063476573610789	0.15883225361417555	0.6918813081186919	0.5120824879175121	1.0	-0.5011900392771199
66	control	6.0	221	0.6801801801801802	0.6531531531531531	1.0	-0.4682027026466733	0.16737602715746916	0.6779823220176779	0.5017544982455018	1.0	-0.4620640969749631
67	control	5.0	221	0.6081081081081081	0.5675675675675675	1.0	-0.2743914878600369	0.2160192059556325	0.6062383937616063	0.17234282765717235	0.3446856553143447	-0.2695282414860753
68	control	9.0	221	0.0945945945945946	0.9414414414414415	0.1891891891891892	1.3129814789733736	1.0241336797167193	0.09076090923909076	0.9363790636209364	0.18152181847818152	1.336084001733964
69	control	7.0	221	0.35585585585585583	0.7477477477477478	0.7117117117117117	0.3695581856124021	0.44872588316019724	0.35384364615635383	0.6872143127856872	0.7076872923127077	0.37496393020133456
70	control	6.0	221	0.40540540540540543	0.8198198198198198	0.8108108108108109	0.23938016267175266	0.39211046501131375	0.4026285973714026	0.7965042034957965	0.8052571947428052	0.24654910789469636
71	control	5.0	221	0.9234234234234234	0.18018018018018017	0.36036036036036034	-1.428482065306666	0.03459911339488433	0.9230580769419231	0.09982190017809982	0.19964380035619964	-1.4259462903357045
72	control	6.0	221	0.36036036036036034	0.8108108108108109	0.7207207207207207	0.3574957320533234	0.4432629874586951	0.3577906422093578	0.8052041947958052	0.7155812844187156	0.3643706028191715
73	control	8.0	221	0.26576576576576577	0.8648648648648649	0.5315315315315315	0.625669821594675	0.5755009628084944	0.2619217380782619	0.8603481396518603	0.5238434761565238	0.6374320213098433
74	control	8.0	221	0.3063063063063063	0.8918918918918919	0.6126126126126126	0.5063476573610789	0.5138440617444023	0.30306169693830304	0.7920792079207921	0.6061233938766061	0.5156149110425138
75	control	8.0	221	0.15765765765765766	0.9234234234234234	0.3153153153153153	1.0041313313244868	0.802284930100363	0.15392684607315393	0.9185530814469186	0.30785369214630787	1.0197359812972626
76	control	4.0	221	0.9954954954954955	0.19369369369369369	0.38738738738738737	-2.6117120822772177	0.0019607007655279116	0.9954500045499954	0.1857068142931857	0.3714136285863714	-2.6082746444461904
77	control	4.0	221	0.9504504504504504	0.2972972972972973	0.5945945945945946	-1.649236958506665	0.022070519152945986	0.9503690496309504	0.24394175605824395	0.4878835121164879	-1.6484425005589156
78	control	7.0	221	0.3918918918918919	0.7342342342342343	0.7837837837837838	0.2743914878600369	0.4068337218320201	0.3891926108073892	0.5979374020625979	0.7783852216147784	0.2814239878690264
79	control	4.0	221	0.9954954954954955	0.3153153153153153	0.6306306306306306	-2.6117120822772177	0.0019607007655279116	0.9955280044719955	0.30744769255230747	0.6148953851046149	-2.614187604715024
80	control	6.0	221	0.5135135135135135	0.7837837837837838	1.0	-0.033879835403491765	0.28944812311416607	0.5112844887155112	0.7741292258707742	1.0	-0.02828979147079461
81	control	8.0	221	0.23873873873873874	0.8918918918918919	0.4774774774774775	0.7103655549160232	0.6220771048498496	0.2353177646822353	0.8866361133638866	0.4706355293644706	0.7214453886066325
82	control	5.0	221	0.7252252252252253	0.46396396396396394	0.9279279279279279	-0.5984352524008002	0.13952709841878888	0.7235622764377235	0.45712854287145716	0.9142570857429143	-0.5934568578787172
83	control	4.0	221	0.9954954954954955	0.20270270270270271	0.40540540540540543	-2.6117120822772177	0.0019607007655279116	0.9955030044969955	0.19445680554319444	0.3889136110863889	-2.612282464003886
84	control	4.0	221	0.9954954954954955	0.2747747747747748	0.5495495495495496	-2.6117120822772177	0.0019607007655279116	0.9954920045079955	0.2672867327132673	0.5345734654265346	-2.611447196879601
85	control	9.0	221	0.09009009009009009	0.954954954954955	0.18018018018018017	1.3402004659340858	1.0453229787866576	0.08587491412508587	0.9504830495169505	0.17174982825017174	1.3666028346254993
86	control	4.0	221	0.9954954954954955	0.22072072072072071	0.44144144144144143	-2.6117120822772177	0.0019607007655279116	0.9953990046009954	0.21137578862421139	0.42275157724842277	-2.6044572196610933
87	control	15.0	221	0.009009009009009009	1.0	0.018018018018018018	2.3652476466815218	2.0453229787866576	0.004542995457004543	0.9363900636099364	0.009085990914009086	2.6088015825860293
88	control	3.0	221	nan	nan	nan	nan	nan	nan	nan	nan	nan
89	control	4.0	221	0.9324324324324325	0.30180180180180183	0.6036036036036037	-1.4941549086209052	0.030382628993720864	0.9326940673059327	0.23095076904923095	0.4619015380984619	-1.4961603840613842
90	control	6.0	221	0.6936936936936937	0.6306306306306306	1.0	-0.5063476573610789	0.15883225361417555	0.6923373076626923	0.6241453758546242	1.0	-0.5024864454150499
91	control	6.0	221	0.5540540540540541	0.7027027027027027	1.0	-0.1359106806464805	0.2564478630112407	0.5511424488575511	0.6380643619356381	1.0	-0.12854826853009138
92	control	7.0	221	0.34684684684684686	0.7612612612612613	0.6936936936936937	0.39384741763566583	0.4598622492781568	0.34392565607434394	0.6511443488556511	0.6878513121486879	0.40177270429305567
93	control	6.0	221	0.527027027027027	0.8333333333333334	1.0	-0.06779861544123557	0.278167112704477	0.5256394743605256	0.8276491723508277	1.0	-0.06431293858981815
94	control	4.0	221	0.9324324324324325	0.31981981981981983	0.6396396396396397	-1.4941549086209052	0.030382628993720864	0.9318260681739319	0.26264173735826263	0.5252834747165253	-1.4895299843516714
95	control	5.0	221	0.7207207207207207	0.527027027027027	1.0	-0.584983876018925	0.14223299179471388	0.7192122807877193	0.5203954796045204	1.0	-0.5805030383262101
96	control	10.0	221	0.2072072072072072	0.9684684684684685	0.4144144144144144	0.8161498870226596	0.6835951427690645	0.20412479587520413	0.9634130365869634	0.40824959175040826	0.8269778930071774
97	control	6.0	221	0.43243243243243246	0.8378378378378378	0.8648648648648649	0.1701847241123691	0.3640817414110702	0.4296775703224297	0.8321541678458322	0.8593551406448594	0.17719510477855782
98	control	10.0	221	0.04954954954954955	0.9774774774774775	0.0990990990990991	1.6492369585066662	1.3049602892924135	0.04527195472804527	0.9682000317999682	0.09054390945609055	1.6925355413774
99	control	5.0	221	0.8468468468468469	0.3108108108108108	0.6216216216216216	-1.0230032560702353	0.07219512518695877	0.8464441535558465	0.15407384592615408	0.30814769185230817	-1.0213013376190798
100	control	6.0	221	0.6171171171171171	0.6891891891891891	1.0	-0.2979179785635167	0.20963240729423185	0.6150483849516151	0.684002315997684	1.0	-0.2925014778608895
101	control	5.0	221	0.7837837837837838	0.5	1.0	-0.785036049876892	0.10580372616803892	0.7827712172287827	0.49346550653449345	0.9869310130689869	-0.7815865981760105
102	control	5.0	221	0.7927927927927928	0.46396396396396394	0.9279279279279279	-0.8161498870226596	0.1008403066364888	0.792020207979792	0.2535927464072536	0.5071854928145072	-0.8134509041408562
103	control	7.0	221	0.20270270270270271	0.8783783783783784	0.40540540540540543	0.8320062700164728	0.6931404606752949	0.19938280061719937	0.8731611268388731	0.39876560123439875	0.8438278664465599
104	control	4.0	221	0.9414414414414415	0.23423423423423423	0.46846846846846846	-1.5669896232638034	0.026206688339584606	0.9413050586949413	0.17213482786517215	0.3442696557303443	-1.565823758174084
105	control	4.0	221	nan	nan	nan	nan	nan	nan	nan	nan	nan
106	control	4.0	221	0.9774774774774775	0.49099099099099097	0.9819819819819819	-2.00423357987982	0.009893240602109115	0.9775390224609776	0.4662015337984662	0.9324030675969324	-2.0053845222966915
107	control	6.0	221	0.5405405405405406	0.7252252252252253	1.0	-0.10179559909470504	0.2671717284030138	0.5384474615525384	0.7197872802127198	1.0	-0.09652316489446194
108	control	6.0	221	0.581081081081081	0.7297297297297297	1.0	-0.20465991857047594	0.23576326415138973	0.5791014208985791	0.4754435245564754	0.9508870491129509	-0.19959523054557848
109	control	6.0	221	0.5630630630630631	0.8198198198198198	1.0	-0.15873980759786757	0.24944296144258218	0.5612344387655612	0.7601122398877601	1.0	-0.15409970298234432
110	control	12.0	221	0.18468468468468469	0.8423423423423423	0.36936936936936937	0.8976552584244694	0.7335691177309032	0.18094681905318094	0.6789043210956789	0.3618936381063619	0.9117627218530038
111	control	6.0	221	0.4369369369369369	0.9234234234234234	0.8738738738738738	0.15873980759786757	0.3595812401843938	0.43474456525543476	0.9004900995099004	0.8694891305108695	0.16430743302592005
112	control	4.0	221	0.990990990990991	0.2882882882882883	0.5765765765765766	-2.3652476466815213	0.003930293628432402	0.991058008941991	0.2763187236812763	0.5526374473625526	-2.3680114562755454
113	control	4.0	221	nan	nan	nan	nan	nan	nan	nan	nan	nan
114	control	6.0	221	0.46396396396396394	0.8603603603603603	0.9279279279279279	0.09045213597816885	0.33351574974546644	0.4616405383594616	0.8551241448758551	0.9232810767189232	0.0963015542426971
115	control	4.0	221	0.9684684684684685	0.35135135135135137	0.7027027027027027	-1.8587466122710703	0.013914514535033303	0.9682200317799682	0.31667868332131666	0.6333573666426333	-1.8552541909145148
116	control	9.0	221	0.20270270270270271	0.8423423423423423	0.40540540540540543	0.8320062700164728	0.6931404606752949	0.19894380105619894	0.8373891626108374	0.3978876021123979	0.8453998967979596
117	control	4.0	221	0.9819819819819819	0.4189189189189189	0.8378378378378378	-2.096520582427628	0.007896480846033815	0.9820620179379821	0.39811960188039813	0.7962392037607963	-2.0983304536154788
118	control	6.0	221	0.6891891891891891	0.7027027027027027	1.0	-0.4935533950895453	0.16166154363303983	0.687977312022688	0.6386563613436387	1.0	-0.49012510245688473
119	control	8.0	221	0.13963963963963963	0.9414414414414415	0.27927927927927926	1.0819397980292536	0.854991280616366	0.13492486507513493	0.9371240628759371	0.26984973015026986	1.1034086772050227
120	control	4.0	221	0.9954954954954955	0.17567567567567569	0.35135135135135137	-2.6117120822772177	0.0019607007655279116	0.9955780044219956	0.16741683258316742	0.33483366516633484	-2.618026596792361
121	control	10.0	221	0.14864864864864866	0.9054054054054054	0.2972972972972973	1.0422467418324086	0.8278390345727511	0.14418885581114418	0.8514131485868515	0.28837771162228837	1.0616872011207905
122	control	4.0	221	0.963963963963964	0.4189189189189189	0.8378378378378378	-1.7986625770167266	0.015939201101447777	0.9642060357939642	0.412026587973412	0.824053175946824	-1.8017297921514586
123	control	4.0	221	0.9459459459459459	0.33783783783783783	0.6756756756756757	-1.606755068969243	0.02413367971671936	0.9456340543659456	0.2797187202812797	0.5594374405625594	-1.6039190766176534
124	control	4.0	221	0.9774774774774775	0.46846846846846846	0.9369369369369369	-2.00423357987982	0.009893240602109115	0.9773680226319774	0.460975539024461	0.921951078048922	-2.002193218809172
125	control	6.0	221	0.6621621621621622	0.6846846846846847	1.0	-0.4183712879116543	0.1790356397024625	0.6605203394796605	0.6787983212016788	1.0	-0.4138836464448246
126	control	5.0	221	0.8198198198198198	0.34234234234234234	0.6846846846846847	-0.9146786412719052	0.08628158646556386	0.8186231813768187	0.3303056696943303	0.6606113393886606	-0.9101306024908209
127	control	9.0	221	0.0945945945945946	0.9234234234234234	0.1891891891891892	1.3129814789733736	1.0241336797167193	0.09007890992109008	0.8604311395688604	0.18015781984218016	1.3402692653231116
128	control	4.0	221	0.9369369369369369	0.23423423423423423	0.46846846846846846	-1.529558186142137	0.028289639487877088	0.9368420631579368	0.16765883234116766	0.3353176646823353	-1.5287925748887794
129	control	6.0	221	0.6036036036036037	0.7477477477477478	1.0	-0.26268576068373706	0.21924817608583094	0.6018763981236018	0.45277154722845275	0.9055430944569055	-0.25820693792087795
130	control	10.0	221	0.25225225225225223	0.8018018018018018	0.5045045045045045	0.6674190444558503	0.5981649474444383	0.24908275091724907	0.7964712035287965	0.49816550183449815	0.6773790267838556
131	control	4.0	221	0.9864864864864865	0.34234234234234234	0.6846846846846847	-2.2111272410853284	0.005908859610520279	0.9866620133379866	0.3254786745213255	0.650957349042651	-2.216226799928785
132	control	11.0	221	0.06756756756756757	0.9459459459459459	0.13513513513513514	1.4941549086209047	1.1702617153949575	0.0635929364070636	0.6293883706116293	0.1271858728141272	1.5252936423477061
133	control	6.0	221	0.5630630630630631	0.7567567567567568	1.0	-0.15873980759786757	0.24944296144258218	0.5618014381985618	0.751033248966751	1.0	-0.15553809536334232
134	control	4.0	221	0.9369369369369369	0.40540540540540543	0.8108108108108109	-1.529558186142137	0.028289639487877088	0.937075062924937	0.33973766026233976	0.6794753205246795	-1.5306744389568014
135	control	4.0	221	nan	nan	nan	nan	nan	nan	nan	nan	nan
136	control	5.0	221	0.6216216216216216	0.5585585585585585	1.0	-0.3097425315385302	0.20647388804940212	0.6208663791336209	0.5464254535745464	1.0	-0.30775700232293146
137	control	6.0	221	0.38288288288288286	0.7747747747747747	0.7657657657657657	0.2979179785635167	0.41693404873634593	0.3799116200883799	0.7650782349217651	0.7598232401767598	0.3057129135480692
138	control	12.0	221	0.19369369369369369	0.8378378378378378	0.38738738738738737	0.8643650473631331	0.7128845188710521	0.19027880972119027	0.8324231675768324	0.38055761944238053	0.8768693246518661
139	control	6.0	221	0.7342342342342343	0.6711711711711712	1.0	-0.6256698215946752	0.13416537004668078	0.7334012665987334	0.6652243347756652	1.0	-0.6231324807904015
140	control	6.0	221	0.527027027027027	0.7432432432432432	1.0	-0.06779861544123557	0.278167112704477	0.5253214746785253	0.6788193211806788	1.0	-0.0635142018417724
141	control	6.0	221	0.5765765765765766	0.7747747747747747	1.0	-0.1931431668132398	0.23914300480277026	0.5742724257275743	0.7699302300697699	1.0	-0.18726208542223086
142	control	6.0	221	0.6216216216216216	0.7747747747747747	1.0	-0.3097425315385302	0.20647388804940212	0.6202673797326202	0.7686832313167686	1.0	-0.3061830981739251
143	control	2.0	221	nan	nan	nan	nan	nan	nan	nan	nan	nan
144	control	2.0	221	nan	nan	nan	nan	nan	nan	nan	nan	nan
145	control	10.0	221	0.04954954954954955	0.9774774774774775	0.0990990990990991	1.6492369585066662	1.3049602892924135	0.04515295484704515	0.9729240270759729	0.0903059096940903	1.6937862402920634
146	control	4.0	221	0.9819819819819819	0.3918918918918919	0.7837837837837838	-2.096520582427628	0.007896480846033815	0.9818490181509818	0.3803886196113804	0.7607772392227607	-2.093528937119694
147	control	7.0	221	0.22972972972972974	0.9099099099099099	0.4594594594594595	0.73973721941389	0.6387827983527022	0.22685577314422686	0.9049310950689049	0.4537115462884537	0.7492416889573511
148	control	8.0	221	0.23873873873873874	0.8783783783783784	0.4774774774774775	0.7103655549160232	0.6220771048498496	0.23573876426123574	0.696035303964696	0.4714775285224715	0.7200770962468183
149	control	18.0	221	0.14414414414414414	0.9414414414414415	0.2882882882882883	1.0618841348770718	0.8412029961307327	0.13987886012113987	0.7424812575187425	0.27975772024227974	1.0808637621626511
150	control	4.0	221	0.9954954954954955	0.2072072072072072	0.4144144144144144	-2.6117120822772177	0.0019607007655279116	0.9953290046709953	0.19927080072919928	0.39854160145839856	-2.5992786472561473
151	control	4.0	221	0.963963963963964	0.46846846846846846	0.9369369369369369	-1.7986625770167266	0.015939201101447777	0.9637130362869637	0.4617805382194618	0.9235610764389236	-1.7955009129799993
152	control	4.0	221	0.9864864864864865	0.40540540540540543	0.8108108108108109	-2.2111272410853284	0.005908859610520279	0.9864560135439865	0.3894336105663894	0.7788672211327788	-2.2102477467138284
153	control	8.0	221	0.13513513513513514	0.9324324324324325	0.2702702702702703	1.1024403670151646	0.8692317197309762	0.1312998687001313	0.6474583525416474	0.2625997374002626	1.1202676168218084
154	control	4.0	221	nan	nan	nan	nan	nan	nan	nan	nan	nan
155	control	12.0	221	0.02252252252252252	0.9864864864864865	0.04504504504504504	2.00423357987982	1.6473829701146199	0.017861982138017863	0.9775320224679775	0.035723964276035726	2.1000554426417555
156	control	4.0	221	0.990990990990991	0.2747747747747748	0.5495495495495496	-2.3652476466815213	0.003930293628432402	0.9908380091619908	0.26243273756726243	0.5248654751345249	-2.3590055508081527
157	control	4.0	221	0.9369369369369369	0.26576576576576577	0.5315315315315315	-1.529558186142137	0.028289639487877088	0.9367630632369368	0.2576237423762576	0.5152474847525153	-1.5281557453675427
158	control	3.0	221	nan	nan	nan	nan	nan	nan	nan	nan	nan
159	control	8.0	221	0.34684684684684686	0.7477477477477478	0.6936936936936937	0.39384741763566583	0.4598622492781568	0.34389365610634387	0.6556093443906557	0.6877873122126877	0.4018596602334769
160	control	7.0	221	0.3738738738738739	0.7522522522522522	0.7477477477477478	0.3216105535126583	0.4272748820745647	0.37027162972837024	0.7378782621217379	0.7405432594567405	0.3311340148503551
161	control	4.0	221	0.9504504504504504	0.23423423423423423	0.46846846846846846	-1.649236958506665	0.022070519152945986	0.9498320501679498	0.18113981886018113	0.36227963772036226	-1.6432273668532198
162	control	8.0	221	0.4594594594594595	0.6846846846846847	0.918918918918919	0.1017955990947049	0.33775280268872104	0.4565065434934565	0.6794443205556795	0.913013086986913	0.1092387993689593
163	control	4.0	221	0.9954954954954955	0.2972972972972973	0.5945945945945946	-2.6117120822772177	0.0019607007655279116	0.9954150045849954	0.28965071034928963	0.5793014206985793	-2.6056507597763665
164	control	6.0	221	0.4144144144144144	0.7747747747747747	0.8288288288288288	0.21620388056489545	0.3825651471050834	0.41242558757441244	0.7685262314737685	0.8248511751488249	0.2213098574338449
165	control	4.0	221	0.9864864864864865	0.4189189189189189	0.8378378378378378	-2.2111272410853284	0.005908859610520279	0.9862310137689863	0.4020985979014021	0.8041971958028042	-2.203806255579204
166	control	9.0	221	0.25675675675675674	0.7882882882882883	0.5135135135135135	0.6533766109715354	0.5904781187781473	0.25376074623925376	0.7778892221107779	0.5075214924785075	0.6627019003235232
167	control	14.0	221	0.11261261261261261	0.963963963963964	0.22522522522522523	1.2127505015980073	0.948412965778601	0.10837689162310837	0.9550420449579551	0.21675378324621675	1.2352061708600786
168	control	10.0	221	0.09009009009009009	0.9504504504504504	0.18018018018018017	1.3402004659340858	1.0453229787866576	0.08565191434808565	0.9458440541559459	0.1713038286961713	1.368026348747897
169	control	7.0	221	0.15765765765765766	0.8963963963963963	0.3153153153153153	1.0041313313244868	0.802284930100363	0.15416984583015417	0.8913571086428913	0.30833969166030833	1.0187120468673192
170	control	6.0	221	0.42792792792792794	0.8513513513513513	0.8558558558558559	0.18165197670757263	0.36862936916179084	0.4251655748344252	0.7508672491327508	0.8503311496688504	0.1886959198009031
171	control	7.0	221	0.527027027027027	0.5540540540540541	1.0	-0.06779861544123557	0.278167112704477	0.5247344752655247	0.45216154783845214	0.9043230956769043	-0.062039910182209924
172	control	7.0	221	0.25225225225225223	0.8558558558558559	0.5045045045045045	0.6674190444558503	0.5981649474444383	0.24813775186224815	0.5801464198535802	0.4962755037244963	0.6803616400355801
173	control	8.0	221	0.10810810810810811	0.9459459459459459	0.21621621621621623	1.2366522415199066	0.9661417327390326	0.10435389564610435	0.9275510724489275	0.2087077912922087	1.2571266143807964
174	control	6.0	221	0.38738738738738737	0.8603603603603603	0.7747747747747747	0.28613493575491794	0.41185452320707094	0.383993616006384	0.7914952085047915	0.767987232012768	0.295008702194273
175	control	5.0	221	0.6846846846846847	0.5180180180180181	1.0	-0.4808394206668124	0.16450938650586608	0.684007315992684	0.46148053851946147	0.9229610770389229	-0.47893430106128054
176	control	9.0	221	0.05855855855855856	0.972972972972973	0.11711711711711711	1.5669896232638032	1.232409622143802	0.054106945893054106	0.9636630363369637	0.10821389178610821	1.6062732196639204
177	control	7.0	221	0.1981981981981982	0.8603603603603603	0.3963963963963964	0.8480746535481313	0.7029002979644512	0.1945758054241946	0.8551251448748551	0.3891516108483892	0.8611569425637047
178	control	4.0	221	0.9414414414414415	0.2747747747747748	0.5495495495495496	-1.5669896232638034	0.026206688339584606	0.9408140591859409	0.2123957876042124	0.4247915752084248	-1.5616439843332475
179	control	4.0	221	nan	nan	nan	nan	nan	nan	nan	nan	nan
180	control	4.0	221	0.9954954954954955	0.08108108108108109	0.16216216216216217	-2.6117120822772177	0.0019607007655279116	0.9955760044239956	0.07212692787307212	0.14425385574614424	-2.6178722943855073
181	control	6.0	221	0.5225225225225225	0.6576576576576577	1.0	-0.05648561480015194	0.28189498522372014	0.5198384801615198	0.6473603526396473	1.0	-0.049748207858534885
182	control	6.0	221	0.3108108108108108	0.8738738738738738	0.6216216216216216	0.4935533950895455	0.5075038837133833	0.30825269174730824	0.8682611317388682	0.6165053834946165	0.5008092380000204
183	control	4.0	221	0.9954954954954955	0.31981981981981983	0.6396396396396397	-2.6117120822772177	0.0019607007655279116	0.9954850045149954	0.31211868788131214	0.6242373757626243	-2.6109166103358845
184	control	7.0	221	0.21621621621621623	0.9009009009009009	0.43243243243243246	0.785036049876892	0.6651117370750514	0.21267778732221268	0.8961061038938961	0.42535557464442536	0.7971643722786487
185	control	13.0	221	0.009009009009009009	0.9954954954954955	0.018018018018018018	2.3652476466815218	2.0453229787866576	0.004524995475004525	0.9412840587159412	0.00904999095000905	2.610159902309056
186	control	6.0	221	0.5045045045045045	0.7657657657657657	1.0	-0.011291358281129772	0.29713495178045707	0.5013574986425013	0.7614502385497615	1.0	-0.0034027510466362464
187	control	4.0	221	0.990990990990991	0.5585585585585585	1.0	-2.3652476466815213	0.003930293628432402	0.990979009020991	0.5473434526565474	1.0	-2.364755411003362
188	control	4.0	221	0.9954954954954955	0.24774774774774774	0.4954954954954955	-2.6117120822772177	0.0019607007655279116	0.9954430045569954	0.23965676034323966	0.4793135206864793	-2.607748429535966
189	control	8.0	221	0.23873873873873874	0.8603603603603603	0.4774774774774775	0.7103655549160232	0.6220771048498496	0.2352947647052353	0.6647773352226648	0.4705895294104706	0.7215201798232515
190	control	10.0	221	0.05405405405405406	0.963963963963964	0.10810810810810811	1.606755068969243	1.2671717284030137	0.05004394995605004	0.8193791806208194	0.10008789991210008	1.644427638792479
191	control	4.0	221	0.990990990990991	0.42342342342342343	0.8468468468468469	-2.3652476466815213	0.003930293628432402	0.9908260091739908	0.41693858306141696	0.8338771661228339	-2.3585197858892455
192	control	4.0	221	nan	nan	nan	nan	nan	nan	nan	nan	nan
193	control	5.0	221	0.6981981981981982	0.5540540540540541	1.0	-0.5192253494916858	0.15602127628034715	0.6964563035436965	0.5208194791805209	1.0	-0.5142354396255119
194	control	4.0	221	0.9954954954954955	0.38288288288288286	0.7657657657657657	-2.6117120822772177	0.0019607007655279116	0.9955740044259955	0.3754016245983754	0.7508032491967508	-2.617718054283009
195	control	5.0	221	0.7072072072072072	0.4594594594594595	0.918918918918919	-0.5452441858688841	0.15045332204140488	0.7064412935587064	0.44317555682444315	0.8863511136488863	-0.5430179946441814
196	control	5.0	221	0.7522522522522522	0.47297297297297297	0.9459459459459459	-0.6815943390528618	0.12363650330305535	0.7512172487827512	0.4613795386204614	0.9227590772409228	-0.6783252341833849
197	control	4.0	221	0.9954954954954955	0.3108108108108108	0.6216216216216216	-2.6117120822772177	0.0019607007655279116	0.9953110046889954	0.3035016964983035	0.607003392996607	-2.5979582106240473
198	control	12.0	221	0.04054054054054054	0.972972972972973	0.08108108108108109	1.7444475421409686	1.3921104650113136	0.03612196387803612	0.9637930362069638	0.07224392775607225	1.7975778707677443
199	control	4.0	221	0.9954954954954955	0.5	1.0	-2.6117120822772177	0.0019607007655279116	0.9954900045099955	0.49235050764949234	0.9847010152989847	-2.6112955256975723
200	control	4.0	221	0.9594594594594594	0.38738738738738737	0.7747747747747747	-1.7444475421409682	0.01797337101190092	0.9593460406539593	0.3798016201983798	0.7596032403967596	-1.7431471252585946
201	control	5.0	221	0.5180180180180181	0.7477477477477478	1.0	-0.04517983902747526	0.2856551340970269	0.5147494852505148	0.7387462612537388	1.0	-0.03697990345463029
202	control	4.0	221	0.9954954954954955	0.44594594594594594	0.8918918918918919	-2.6117120822772177	0.0019607007655279116	0.9953640046359954	0.4389255610744389	0.8778511221488778	-2.60185921155358
203	control	6.0	221	0.5405405405405406	0.7027027027027027	1.0	-0.10179559909470504	0.2671717284030138	0.5387944612055388	0.6243563756436243	1.0	-0.09739706229361193
204	control	6.0	221	0.6486486486486487	0.6711711711711712	1.0	-0.3816746537655627	0.18799048235538895	0.6473073526926473	0.4535055464944535	0.907011092988907	-0.37806097950374445
205	control	4.0	221	0.9819819819819819	0.2927927927927928	0.5855855855855856	-2.096520582427628	0.007896480846033815	0.982019017980982	0.27163072836927166	0.5432614567385433	-2.09735723191474
206	control	10.0	221	0.05405405405405406	0.9594594594594594	0.10810810810810811	1.606755068969243	1.2671717284030137	0.04939195060804939	0.9504060495939504	0.09878390121609879	1.6507780623438044
207	control	8.0	221	0.38738738738738737	0.7162162162162162	0.7747747747747747	0.28613493575491794	0.41185452320707094	0.38396161603838397	0.6524453475546524	0.7679232320767679	0.29509248274276656
208	control	4.0	221	0.9774774774774775	0.4144144144144144	0.8288288288288288	-2.00423357987982	0.009893240602109115	0.9774030225969774	0.40331159668840333	0.8066231933768067	-2.0028447509206133
209	control	9.0	221	0.26126126126126126	0.8513513513513513	0.5225225225225225	0.6394618524871729	0.5829249808877013	0.25833074166925835	0.8461751538248462	0.5166614833385167	0.6485001971765375
210	control	7.0	221	0.35135135135135137	0.8288288288288288	0.7027027027027027	0.3816746537655626	0.45425837176015815	0.3483266516733483	0.8145261854738145	0.6966533033466966	0.3898421097074507
211	control	6.0	221	0.7297297297297297	0.6666666666666666	1.0	-0.6119957936995944	0.13683795990800768	0.7286842713157287	0.5078114921885079	1.0	-0.6088385518340536
212	control	8.0	221	0.12162162162162163	0.9279279279279279	0.24324324324324326	1.1669186011353172	0.9149892102916513	0.11761288238711762	0.8774891225108775	0.23522576477423524	1.1870047046834393
213	control	9.0	221	0.0945945945945946	0.9414414414414415	0.1891891891891892	1.3129814789733736	1.0241336797167193	0.09064290935709064	0.8871441128558871	0.18128581871418128	1.3368064639126254
214	control	6.0	221	0.46846846846846846	0.8288288288288288	0.9369369369369369	0.07912030015842841	0.3293196351518583	0.4667035332964667	0.8191591808408192	0.9334070665929334	0.08355899943578131
215	control	4.0	221	0.990990990990991	0.481981981981982	0.963963963963964	-2.3652476466815213	0.003930293628432402	0.991011008988991	0.47101252898747104	0.9420250579749421	-2.36607129409089
216	control	4.0	221	0.9279279279279279	0.36036036036036034	0.7207207207207207	-1.460531182013231	0.03248575408148525	0.9276440723559276	0.3523076476923523	0.7046152953847046	-1.4584670342486594
217	control	10.0	221	0.07657657657657657	0.9594594594594594	0.15315315315315314	1.428482065306666	1.1159040530723647	0.07272492727507272	0.9545550454449545	0.14544985455014545	1.4557929887364514
219	control	5.0	221	0.8153153153153153	0.3783783783783784	0.7567567567567568	-0.8976552584244694	0.08867439958145412	0.8148171851828148	0.37088062911937086	0.7417612582387417	-0.895788693529768
223	control	4.0	221	0.9954954954954955	0.27927927927927926	0.5585585585585585	-2.6117120822772177	0.0019607007655279116	0.9955890044109956	0.27181772818227184	0.5436354563645437	-2.618876376138734
226	control	12.0	221	0.03153153153153153	0.9774774774774775	0.06306306306306306	1.8587466122710703	1.501254934436382	0.026955973044026957	0.9095850904149095	0.053911946088053914	1.9275433898250154
227	control	4.0	221	0.9504504504504504	0.5315315315315315	1.0	-1.649236958506665	0.022070519152945986	0.9504810495189505	0.5150854849145151	1.0	-1.6495358695052478
381	experimental_phase2	5.0	215	0.7222222222222222	0.4537037037037037	0.9074074074074074	-0.5894557978497783	0.14132915279646932	0.7205792794207205	0.17181682818317182	0.34363365636634363	-0.5845632250738103
382	experimental_phase2	5.0	215	0.7731481481481481	0.4398148148148148	0.8796296296296297	-0.7492547032247756	0.11173728000334764	0.7717962282037718	0.20974879025120974	0.4194975805024195	-0.7447753422891965
383	experimental_phase2	6.0	215	0.4166666666666667	0.8657407407407407	0.8333333333333334	0.2104283942479247	0.38021124171160603	0.41425158574841425	0.8602991397008602	0.8285031714968285	0.21662170206472123
384	experimental_phase2	4.0	215	0.9907407407407407	0.2777777777777778	0.5555555555555556	-2.3550840094933703	0.004039977801740079	0.9906170093829906	0.2653837346162654	0.5307674692325308	-2.3501473363710703
385	experimental_phase2	6.0	215	0.7546296296296297	0.5833333333333334	1.0	-0.6891311472090144	0.12226614674697309	0.7534202465797534	0.5726504273495726	1.0	-0.685292272888539
386	experimental_phase2	6.0	215	0.35648148148148145	0.8287037037037037	0.7129629629629629	0.3678796658204571	0.44796302597844906	0.35335564664435337	0.8231771768228232	0.7067112932887067	0.37627657365634876
388	experimental_phase2	13.0	215	0.027777777777777776	0.9861111111111112	0.05555555555555555	1.9145058250555573	1.5563025007672873	0.02314197685802314	0.976907023092977	0.04628395371604628	1.9927945051118325
389	experimental_phase2	4.0	215	0.9861111111111112	0.28703703703703703	0.5740740740740741	-2.200410581210034	0.006074147712193152	0.9862330137669862	0.2692807307192693	0.5385614614385386	-2.203863111955274
390	experimental_phase2	5.0	215	0.6666666666666666	0.5231481481481481	1.0	-0.43072729929545744	0.17609125905568127	0.6650893349106651	0.4932065067934932	0.9864130135869864	-0.4263932348149782
391	experimental_phase2	6.0	215	0.4722222222222222	0.8148148148148148	0.9444444444444444	0.06968492031845568	0.3258535793890133	0.4702835297164703	0.8087471912528087	0.9405670594329406	0.07455716143378244
392	experimental_phase2	10.0	215	0.16666666666666666	0.9259259259259259	0.3333333333333333	0.9674215661017012	0.7781512503836436	0.16263383736616263	0.748988251011749	0.32526767473232526	0.9836905762309502
393	experimental_phase2	5.0	215	0.8611111111111112	0.30092592592592593	0.6018518518518519	-1.0853249080767589	0.06494080693301456	0.8604931395068605	0.28825671174328826	0.5765134234865765	-1.0825375919153442
394	experimental_phase2	6.0	215	0.5416666666666666	0.6898148148148148	1.0	-0.10463345561407526	0.26626788940476925	0.5395904604095396	0.674058325941674	1.0	-0.09940201974799881
395	experimental_phase2	6.0	215	0.6944444444444444	0.5879629629629629	1.0	-0.5084880591093566	0.15836249209524966	0.6919253080746919	0.42821957178042824	0.8564391435608565	-0.5013150943515213
396	experimental_phase2	5.0	215	0.7962962962962963	0.375	0.75	-0.8284646485811346	0.09892530424338199	0.7956092043907956	0.367001632998367	0.734003265996734	-0.8260396657155785
397	experimental_phase2	5.0	215	0.7083333333333334	0.4351851851851852	0.8703703703703703	-0.5485222826980981	0.14976232033333206	0.707039292960707	0.42763257236742763	0.8552651447348553	-0.5447558983185938
398	experimental_phase2	6.0	215	0.6296296296296297	0.7453703703703703	1.0	-0.33087257172641926	0.20091484278071337	0.6285663714336286	0.7343902656097344	1.0	-0.3280587303196304
399	experimental_phase2	4.0	215	0.9814814814814815	0.46296296296296297	0.9259259259259259	-2.0853555660318293	0.00811789022217945	0.9816040183959817	0.4429245570754429	0.8858491141508859	-2.088065094320753
400	experimental_phase2	7.0	215	0.12962962962962962	0.9583333333333334	0.25925925925925924	1.1281436452787634	0.8872957198087117	0.12613187386812613	0.9437140562859437	0.25226374773625226	1.1448682263426924
401	experimental_phase2	5.0	215	0.6851851851851852	0.49074074074074076	0.9814814814814815	-0.4822482148379233	0.1641920357559735	0.6841853158146842	0.4604805395194605	0.920961079038921	-0.4794347622242199
402	experimental_phase2	6.0	215	0.6527777777777778	0.7314814814814815	1.0	-0.3928308136497295	0.185234638495551	0.6522713477286523	0.7206322793677207	1.0	-0.39145992589821477
403	experimental_phase2	6.0	215	0.4212962962962963	0.8055555555555556	0.8425925925925926	0.1985783473511099	0.3754123588298373	0.41856058143941854	0.8004231995768004	0.8371211628788371	0.20557723327665114
404	experimental_phase2	6.0	215	0.6481481481481481	0.6666666666666666	1.0	-0.38032564176363115	0.1883257154726929	0.6466783533216467	0.6601453398546602	1.0	-0.3763680524607697
405	experimental_phase2	6.0	215	0.6527777777777778	0.6898148148148148	1.0	-0.3928308136497295	0.185234638495551	0.6513243486756514	0.5108464891535108	1.0	-0.3888984042657071
406	experimental_phase2	5.0	215	0.7361111111111112	0.4583333333333333	0.9166666666666666	-0.631401894239761	0.1330566268304794	0.7352862647137353	0.4462845537154463	0.8925691074308926	-0.628880229040255
407	experimental_phase2	4.0	215	0.9490740740740741	0.5370370370370371	1.0	-1.6359414022252219	0.0226998900951766	0.9488470511529489	0.5253564746435253	1.0	-1.63377597996061
408	experimental_phase2	6.0	215	0.7685185185185185	0.5601851851851852	1.0	-0.7339766603578388	0.11434566311087582	0.7672472327527673	0.45083654916345084	0.9016730983269017	-0.729811303003106
409	experimental_phase2	3.0	215	0.9861111111111112	0.06481481481481481	0.12962962962962962	-2.200410581210034	0.006074147712193152	0.9860910139089861	0.046948953051046946	0.09389790610209389	-2.1998438987987905
410	experimental_phase2	5.0	215	0.6111111111111112	0.5648148148148148	1.0	-0.28221614706250825	0.21387981994508098	0.608965391034609	0.5530504469495531	1.0	-0.27662350033970506
411	experimental_phase2	6.0	215	0.7175925925925926	0.6435185185185185	1.0	-0.5757046751006764	0.14412205298063943	0.7173802826197174	0.6364193635806364	1.0	-0.575076685815331
412	experimental_phase2	5.0	215	0.6018518518518519	0.5787037037037037	1.0	-0.2581433244208951	0.22051039884409412	0.5999824000176	0.5675324324675676	1.0	-0.2533015480148452
413	experimental_phase2	6.0	215	0.6481481481481481	0.6574074074074074	1.0	-0.38032564176363115	0.1883257154726929	0.6468773531226468	0.5026284973715026	1.0	-0.37690353572076024
414	experimental_phase2	4.0	215	nan	nan	nan	nan	nan	nan	nan	nan	nan
415	experimental_phase2	9.0	215	0.09722222222222222	0.9629629629629629	0.19444444444444445	1.2975429286165534	1.0122344564170116	0.09327990672009329	0.72994027005973	0.18655981344018657	1.320824725301379
416	experimental_phase2	4.0	215	0.9629629629629629	0.37037037037037035	0.7407407407407407	-1.7861555612610762	0.01639041618816937	0.9628780371219628	0.33022866977133025	0.6604573395426605	-1.785107228233509
417	experimental_phase2	7.0	215	0.1712962962962963	0.8888888888888888	0.3425925925925926	0.9490550927517118	0.7662520270839359	0.16727183272816729	0.8836371163628837	0.33454366545633457	0.9650022886620748
418	experimental_phase2	13.0	215	0.004629629629629629	1.0	0.009259259259259259	2.602330427657114	2.3344537511509307	9.99999000001e-07	0.9859170140829859	1.999998000002e-06	4.753424510911064
419	experimental_phase2	9.0	215	0.2222222222222222	0.8379629629629629	0.4444444444444444	0.7647096737863871	0.6532125137753437	0.21852278147721851	0.8329301670698329	0.43704556295443703	0.777191895649669
420	experimental_phase2	6.0	215	0.7129629629629629	0.5370370370370371	1.0	-0.5620615648282653	0.14693303031446786	0.7121582878417122	0.5295904704095296	1.0	-0.5597009645785768
421	experimental_phase2	6.0	215	0.5509259259259259	0.8425925925925926	1.0	-0.1280010423545018	0.2589067897584001	0.5485614514385485	0.8188391811608189	1.0	-0.12202767935635535
422	experimental_phase2	5.0	215	0.5740740740740741	0.6898148148148148	1.0	-0.1867561210637371	0.2410320659886958	0.5713644286355714	0.25996774003226	0.51993548006452	-0.1798489638100361
423	experimental_phase2	4.0	215	0.9814814814814815	0.2222222222222222	0.4444444444444444	-2.0853555660318293	0.00811789022217945	0.9813530186469813	0.19936080063919936	0.39872160127839873	-2.0825313468096627
424	experimental_phase2	6.0	215	0.7592592592592593	0.5787037037037037	1.0	-0.7039217888285135	0.11960990310323298	0.7575802424197576	0.4505255494744505	0.901051098948901	-0.698540058428008
425	experimental_phase2	10.0	215	0.037037037037037035	0.9907407407407407	0.07407407407407407	1.7861555612610769	1.4313637641589874	0.03242496757503242	0.9767060232939767	0.06484993515006485	1.8462911976970022
426	experimental_phase2	7.0	215	0.22685185185185186	0.8796296296296297	0.4537037037037037	0.7492547032247756	0.6442576711224173	0.2231747768252232	0.6604873395126605	0.4463495536504464	0.7615149486240986
427	experimental_phase2	4.0	215	0.9166666666666666	0.48148148148148145	0.9629629629629629	-1.3829941271006383	0.0377885608893998	0.9162750837249163	0.4702045297954702	0.9404090595909405	-1.380444481230589
428	experimental_phase2	4.0	215	0.9953703703703703	0.32407407407407407	0.6481481481481481	-2.602330427657113	0.002015291235325575	0.9954000045999954	0.3170996829003171	0.6341993658006342	-2.6045317073034395
429	experimental_phase2	7.0	215	0.28703703703703703	0.8194444444444444	0.5740740740740741	0.5620615648282655	0.542062061652677	0.28444671555328443	0.7896522103477897	0.5688934311065689	0.569681955178219
430	experimental_phase2	9.0	215	0.14351851851851852	0.9351851851851852	0.28703703703703703	1.064644051938388	0.8430920573166583	0.13905086094913904	0.7951752048247952	0.2781017218982781	1.0845935299235299
431	experimental_phase2	4.0	215	nan	nan	nan	nan	nan	nan	nan	nan	nan
432	experimental_phase2	5.0	215	0.7731481481481481	0.41203703703703703	0.8240740740740741	-0.7492547032247756	0.11173728000334764	0.7723732276267724	0.18144681855318145	0.3628936371063629	-0.7466853006560893
433	experimental_phase2	8.0	215	0.18055555555555555	0.9212962962962963	0.3611111111111111	0.9132499266836088	0.7433891441244317	0.17737982262017737	0.8880641119358881	0.35475964524035475	0.9253966028914641
434	experimental_phase2	6.0	215	0.6111111111111112	0.7916666666666666	1.0	-0.28221614706250825	0.21387981994508098	0.6093213906786094	0.5297724702275298	1.0	-0.277550781609523
435	experimental_phase2	5.0	215	0.6898148148148148	0.5787037037037037	1.0	-0.4953255046659132	0.16126748273865688	0.6894623105376895	0.5711484288515711	1.0	-0.49432683127546234
436	experimental_phase2	10.0	215	0.19444444444444445	0.8935185185185185	0.3888888888888889	0.8616341201741723	0.7112044607530305	0.19075080924919074	0.7948752051247949	0.3815016184983815	0.8751328617544328
437	experimental_phase2	10.0	215	0.037037037037037035	0.9814814814814815	0.07407407407407407	1.7861555612610769	1.4313637641589874	0.03249396750603249	0.7578932421067579	0.06498793501206498	1.845341102129496
438	experimental_phase2	11.0	215	0.10185185185185185	0.9305555555555556	0.2037037037037037	1.2710701213098394	0.9920310703287247	0.09731890268109732	0.8002271997728002	0.19463780536219463	1.2969807644179359
439	experimental_phase2	6.0	215	0.7083333333333334	0.6018518518518519	1.0	-0.5485222826980981	0.14976232033333206	0.7071042928957071	0.44684655315344685	0.8936931063068937	-0.5449448999757178
440	experimental_phase2	6.0	215	0.5555555555555556	0.8101851851851852	1.0	-0.13971029888186212	0.255272505103306	0.553000446999553	0.5015494984505016	1.0	-0.13324565406360192
441	experimental_phase2	6.0	215	0.4861111111111111	0.8148148148148148	0.9722222222222222	0.0348213172603477	0.31326445208099285	0.48361651638348363	0.8043201956798043	0.9672330327669673	0.041078853583654845
442	experimental_phase2	6.0	215	0.625	0.6712962962962963	1.0	-0.31863936396437514	0.2041199826559248	0.6233263766736233	0.6647283352716647	1.0	-0.31422883131520896
443	experimental_phase2	6.0	215	0.5601851851851852	0.7407407407407407	1.0	-0.15143874267719604	0.2516683808344808	0.5578804421195579	0.7116032883967116	1.0	-0.14559753281199941
444	experimental_phase2	6.0	215	0.5138888888888888	0.7546296296296297	1.0	-0.03482131726034756	0.2891307723642735	0.5115784884215115	0.7441102558897441	1.0	-0.02902704215489248
445	experimental_phase2	6.0	215	0.75	0.5555555555555556	1.0	-0.6744897501960817	0.12493873660829993	0.7484152515847484	0.5395274604725395	1.0	-0.6695111087372686
446	experimental_phase2	3.0	215	nan	nan	nan	nan	nan	nan	nan	nan	nan
447	experimental_phase2	8.0	215	0.19444444444444445	0.9074074074074074	0.3888888888888889	0.8616341201741723	0.7112044607530305	0.1912798087201913	0.7581732418267582	0.3825596174403826	0.8731898295355426
448	experimental_phase2	4.0	215	nan	nan	nan	nan	nan	nan	nan	nan	nan
449	experimental_phase2	5.0	215	0.8703703703703703	0.3148148148148148	0.6296296296296297	-1.1281436452787634	0.06029590188725105	0.8703921296078704	0.29694070305929693	0.5938814061185939	-1.1282467132921425
450	experimental_phase2	5.0	215	0.7777777777777778	0.38425925925925924	0.7685185185185185	-0.7647096737863871	0.10914446942506803	0.7766482233517766	0.15908284091715907	0.31816568183431815	-0.7609221740860723
451	experimental_phase2	4.0	215	0.9768518518518519	0.32407407407407407	0.6481481481481481	-1.9926818479586275	0.010171295853238229	0.9766750233249767	0.3164896835103165	0.632979367020633	-1.9894645280579666
452	experimental_phase2	4.0	215	0.9629629629629629	0.4166666666666667	0.8333333333333334	-1.7861555612610762	0.01639041618816937	0.9628250371749628	0.40516059483940514	0.8103211896788103	-1.7844539844981937
453	experimental_phase2	4.0	215	0.9861111111111112	0.2222222222222222	0.4444444444444444	-2.200410581210034	0.006074147712193152	0.9862120137879862	0.20476879523120478	0.40953759046240956	-2.203266475000016
454	experimental_phase2	10.0	215	0.032407407407407406	0.9861111111111112	0.06481481481481481	1.8465332589291994	1.4893557111366742	0.027761972238027764	0.9722120277879722	0.05552394447605553	1.9147535211117315
455	experimental_phase2	6.0	215	0.6712962962962963	0.6064814814814815	1.0	-0.44349545297500625	0.17308574891595602	0.6704373295626704	0.5905334094665905	1.0	-0.4411210834487755
456	experimental_phase2	7.0	215	0.4027777777777778	0.7592592592592593	0.8055555555555556	0.24616364666135945	0.39493449853231233	0.39947560052439945	0.7304242695757305	0.7989512010487989	0.2547046803552597
457	experimental_phase2	4.0	215	0.9814814814814815	0.2916666666666667	0.5833333333333334	-2.0853555660318293	0.00811789022217945	0.9815970184029816	0.27032372967627033	0.5406474593525407	-2.0879098975856967
458	experimental_phase2	4.0	215	0.9814814814814815	0.375	0.75	-2.0853555660318293	0.00811789022217945	0.9813450186549814	0.3542936457063543	0.7085872914127086	-2.082356017685786
459	experimental_phase2	6.0	215	0.6990740740740741	0.6111111111111112	1.0	-0.5217393083883999	0.15547680385776147	0.6966053033946966	0.4608945391054609	0.9217890782109218	-0.5146617691282921
460	experimental_phase2	7.0	215	0.3055555555555556	0.8101851851851852	0.6111111111111112	0.5084880591093566	0.5149098156090621	0.3018396981603018	0.7953672046327954	0.6036793963206036	0.5191166526407565
461	experimental_phase2	5.0	215	0.7175925925925926	0.5416666666666666	1.0	-0.5757046751006764	0.14412205298063943	0.7171942828057172	0.5198324801675198	1.0	-0.5745267053775142
462	experimental_phase2	4.0	215	0.9953703703703703	0.25925925925925924	0.5185185185185185	-2.602330427657113	0.002015291235325575	0.9953740046259953	0.25145774854225145	0.5029154970845029	-2.602599708548637
463	experimental_phase2	4.0	215	nan	nan	nan	nan	nan	nan	nan	nan	nan
464	experimental_phase2	5.0	215	0.6712962962962963	0.5601851851851852	1.0	-0.44349545297500625	0.17308574891595602	0.6689273310726689	0.5303584696415303	1.0	-0.43695313240183875
465	experimental_phase2	7.0	215	0.47685185185185186	0.6990740740740741	0.9537037037037037	0.05805639979465226	0.32161652644575867	0.47525552474447524	0.6878663121336879	0.9505110494889505	0.062065024745297674
466	experimental_phase2	6.0	215	0.5462962962962963	0.6759259259259259	1.0	-0.11630930996408784	0.2625717438448055	0.5443004556995443	0.44656055343944656	0.8931211068788931	-0.11127397949434772
467	experimental_phase2	4.0	215	0.9351851851851852	0.5416666666666666	1.0	-1.5155640243888735	0.02910238170430711	0.9351170648829351	0.5253274746725253	1.0	-1.5150258012950135
468	experimental_phase2	10.0	215	0.09722222222222222	0.9444444444444444	0.19444444444444445	1.2975429286165534	1.0122344564170116	0.09355690644309356	0.9391990608009392	0.18711381288618711	1.3191654296970765
469	experimental_phase2	5.0	215	0.6157407407407407	0.5462962962962963	1.0	-0.2943132895814767	0.21060211018384514	0.6139523860476139	0.5303834696165304	1.0	-0.28963533996015206
470	experimental_phase2	7.0	215	0.18518518518518517	0.9398148148148148	0.37037037037037035	0.8957798188835894	0.7323937598229685	0.1815068184931815	0.9346830653169347	0.363013636986363	0.9096376481542519
471	experimental_phase2	4.0	215	nan	nan	nan	nan	nan	nan	nan	nan	nan
472	experimental_phase2	4.0	215	0.9907407407407407	0.18055555555555555	0.3611111111111111	-2.3550840094933703	0.004039977801740079	0.9907210092789908	0.1674028325971674	0.3348056651943348	-2.354292903717152
473	experimental_phase2	6.0	215	0.7824074074074074	0.5416666666666666	1.0	-0.7803494979822506	0.10656704653725733	0.7813302186697814	0.5346094653905346	1.0	-0.7766936017108733
474	experimental_phase2	6.0	215	0.5925925925925926	0.6666666666666666	1.0	-0.2342191939146195	0.22724378150306254	0.58997141002859	0.6513413486586513	1.0	-0.22747143332768985
475	experimental_phase2	7.0	215	0.4305555555555556	0.7129629629629629	0.8611111111111112	0.17495994016573252	0.36597080259699577	0.42818757181242817	0.6932473067526932	0.8563751436248563	0.18099035877319003
476	experimental_phase2	5.0	215	0.6203703703703703	0.6712962962962963	1.0	-0.3064536576906015	0.20734895278612325	0.6189623810376189	0.664971335028665	1.0	-0.3027567603988651
477	experimental_phase2	7.0	215	0.41203703703703703	0.7129629629629629	0.8240740740740741	0.22230806518787752	0.3850637445060181	0.4091775908224092	0.5028394971605028	0.8183551816448184	0.22966102665845392
478	experimental_phase2	4.0	215	0.9953703703703703	0.2175925925925926	0.4351851851851852	-2.602330427657113	0.002015291235325575	0.9951740048259952	0.20935579064420937	0.41871158128841873	-2.588053803112853
479	experimental_phase2	6.0	215	0.5416666666666666	0.7731481481481481	1.0	-0.10463345561407526	0.26626788940476925	0.5395164604835395	0.5017574982425017	1.0	-0.09921561250695034
480	experimental_phase2	6.0	215	0.6944444444444444	0.6203703703703703	1.0	-0.5084880591093566	0.15836249209524966	0.6933673066326934	0.44784255215744784	0.8956851043148957	-0.5054178464722607
481	experimental_phase2	8.0	215	0.42592592592592593	0.7361111111111112	0.8518518518518519	0.1867561210637371	0.3706659238053756	0.42333657666342334	0.6283133716866283	0.8466731533268467	0.19336496264639372
482	experimental_phase2	6.0	215	0.7453703703703703	0.5138888888888888	1.0	-0.6599915386195615	0.1276278751190812	0.7444412555587444	0.4087815912184088	0.8175631824368176	-0.657098646923532
483	experimental_phase2	14.0	215	0.009259259259259259	1.0	0.018518518518518517	2.355084009493372	2.03342375548695	0.004550995449004551	0.8605041394958605	0.009101990898009102	2.6081994266579573
484	experimental_phase2	5.0	215	0.8101851851851852	0.42592592592592593	0.8518518518518519	-0.8785789199489705	0.09141570246463643	0.8096271903728096	0.4087115912884087	0.8174231825768175	-0.8765232929047418
485	experimental_phase2	6.0	215	0.625	0.7083333333333334	1.0	-0.31863936396437514	0.2041199826559248	0.6234743765256234	0.6974423025576975	1.0	-0.3146186107201903
486	experimental_phase2	7.0	215	0.35648148148148145	0.8148148148148148	0.7129629629629629	0.3678796658204571	0.44796302597844906	0.35362164637835364	0.6323733676266323	0.7072432927567073	0.37556099514198427
487	experimental_phase2	7.0	215	0.26851851851851855	0.8379629629629629	0.5370370370370371	0.6172997419177134	0.5710257575879936	0.2647927352072648	0.8279221720778279	0.5295854704145296	0.628638925730179
488	experimental_phase2	6.0	215	0.6342592592592593	0.6620370370370371	1.0	-0.3431554982017413	0.1977331839945241	0.6327543672456327	0.6415523584476416	1.0	-0.33915725884683007
489	experimental_phase2	6.0	215	0.4398148148148148	0.8333333333333334	0.8796296296296297	0.1514387426771959	0.3567301458620831	0.436999563000437	0.520973479026521	0.873999126000874	0.15858083900960196
490	experimental_phase2	6.0	215	0.5277777777777778	0.75	1.0	-0.06968492031845568	0.2775488998144583	0.5256834743165257	0.7394332605667394	1.0	-0.06442345884402328
491	experimental_phase2	5.0	215	0.5416666666666666	0.6620370370370371	1.0	-0.10463345561407526	0.26626788940476925	0.5401864598135402	0.6465833534166466	1.0	-0.10090348024781257
492	experimental_phase2	8.0	215	0.16666666666666666	0.9120370370370371	0.3333333333333333	0.9674215661017012	0.7781512503836436	0.16335183664816336	0.7535842464157536	0.3267036732963267	0.9807750728347999
493	experimental_phase2	12.0	215	0.032407407407407406	0.9814814814814815	0.06481481481481481	1.8465332589291994	1.4893557111366742	0.02790997209002791	0.9767770232229768	0.05581994418005582	1.9124387310425441
494	experimental_phase2	6.0	215	0.47685185185185186	0.7453703703703703	0.9537037037037037	0.05805639979465226	0.32161652644575867	0.47339552660447337	0.7403102596897403	0.9467910532089467	0.06673703141376981
495	experimental_phase2	9.0	215	0.16203703703703703	0.8703703703703703	0.32407407407407407	0.9861203186033465	0.7903857068006552	0.15745384254615746	0.678965321034679	0.3149076850923149	1.0049774981942632
496	experimental_phase2	4.0	215	0.9953703703703703	0.21296296296296297	0.42592592592592593	-2.602330427657113	0.002015291235325575	0.9954490045509955	0.20396679603320397	0.40793359206640795	-2.6081994266579605
497	experimental_phase2	5.0	215	0.8472222222222222	0.2916666666666667	0.5833333333333334	-1.0245923925400986	0.07200266142050142	0.8465141534858465	0.13521586478413522	0.27043172956827044	-1.021596968591368
498	experimental_phase2	6.0	215	0.4166666666666667	0.8518518518518519	0.8333333333333334	0.2104283942479247	0.38021124171160603	0.4137775862224138	0.8466391533608466	0.8275551724448276	0.21783820958062494
499	experimental_phase2	3.0	215	nan	nan	nan	nan	nan	nan	nan	nan	nan
500	experimental_phase2	6.0	215	0.6157407407407407	0.6759259259259259	1.0	-0.2943132895814767	0.21060211018384514	0.6146753853246146	0.48332051667948334	0.9666410333589667	-0.2915257809763902
501	experimental_phase2	8.0	215	0.2361111111111111	0.9120370370370371	0.4722222222222222	0.7188680528227157	0.6268835750529945	0.2320887679112321	0.9024010975989024	0.4641775358224642	0.7319853070747548
502	experimental_phase2	5.0	215	0.6388888888888888	0.5277777777777778	1.0	-0.3554904178395308	0.19457466474969443	0.6374533625466374	0.5208314791685208	1.0	-0.35165998292953315
503	experimental_phase2	8.0	215	0.09259259259259259	0.9490740740740741	0.18518518518518517	1.3249576888929773	1.0334237554869496	0.08828391171608828	0.6695463304536695	0.17656782343217656	1.3513984707056985
504	experimental_phase2	6.0	215	0.6296296296296297	0.6805555555555556	1.0	-0.33087257172641926	0.20091484278071337	0.6273373726626273	0.6749133250866749	1.0	-0.32480949925627206
505	experimental_phase2	8.0	215	0.18981481481481483	0.9166666666666666	0.37962962962962965	0.8785789199489703	0.7216698944311953	0.18587581412418588	0.9026520973479026	0.37175162824837177	0.8931971048366342
506	experimental_phase2	6.0	215	0.36574074074074076	0.8240740740740741	0.7314814814814815	0.3431554982017412	0.4368266598604894	0.362995637004363	0.7991812008187992	0.725991274008726	0.3504629723381045
507	experimental_phase2	6.0	215	0.6759259259259259	0.6527777777777778	1.0	-0.4563363227721895	0.1701008953664938	0.6755943244056756	0.6466033533966467	1.0	-0.45541410289470674
508	experimental_phase2	8.0	215	0.0787037037037037	0.9537037037037037	0.1574074074074074	1.4138450348336942	1.104004829772657	0.07463092536907463	0.9253440746559254	0.14926185073814927	1.4421436591574173
509	experimental_phase2	5.0	215	0.8981481481481481	0.2638888888888889	0.5277777777777778	-1.2710701213098394	0.04665202122070485	0.8977881022118978	0.25623074376925625	0.5124614875385125	-1.2690484186678244
510	experimental_phase2	8.0	215	0.23148148148148148	0.9074074074074074	0.46296296296296297	0.7339766603578388	0.635483746814912	0.2282007717992282	0.8976761023238977	0.4564015435984564	0.7447852657196413
511	experimental_phase2	6.0	215	0.625	0.7638888888888888	1.0	-0.31863936396437514	0.2041199826559248	0.6233523766476233	0.5537114462885537	1.0	-0.3142973026172398
512	experimental_phase2	4.0	215	0.9953703703703703	0.25925925925925924	0.5185185185185185	-2.602330427657113	0.002015291235325575	0.9954220045779955	0.25083374916625084	0.5016674983325017	-2.6061741029518464
513	experimental_phase2	4.0	215	0.9814814814814815	0.18055555555555555	0.3611111111111111	-2.0853555660318293	0.00811789022217945	0.9811710188289812	0.15813584186415813	0.31627168372831627	-2.0785583519334594
514	experimental_phase2	6.0	215	0.5462962962962963	0.7175925925925926	1.0	-0.11630930996408784	0.2625717438448055	0.5441674558325442	0.7015992984007016	1.0	-0.11093853417310387
515	experimental_phase2	4.0	215	0.9675925925925926	0.25	0.5	-1.846533258929199	0.01430746503987691	0.9675310324689675	0.21426578573421426	0.4285315714684285	-1.8456851472086602
516	experimental_phase2	16.0	215	0.004629629629629629	1.0	0.009259259259259259	2.602330427657114	2.3344537511509307	9.99999000001e-07	0.9953940046059954	1.999998000002e-06	4.753424510911064
517	experimental_phase2	6.0	215	0.6990740740740741	0.6712962962962963	1.0	-0.5217393083883999	0.15547680385776147	0.6988983011016989	0.6645153354846645	1.0	-0.5212345367737201
518	experimental_phase2	8.0	215	0.19907407407407407	0.9351851851851852	0.39814814814814814	0.8449331792930638	0.7009852955713444	0.19627980372019627	0.7722112277887722	0.39255960744039253	0.8549847190034007
519	experimental_phase2	6.0	215	0.5925925925925926	0.7916666666666666	1.0	-0.2342191939146195	0.22724378150306254	0.5906824093175906	0.7811552188447811	1.0	-0.2293007361411914
520	experimental_phase2	6.0	215	0.6435185185185185	0.6435185185185185	1.0	-0.367879665820457	0.19143895089683582	0.6423263576736423	0.5303504696495304	1.0	-0.3646840251412386
521	experimental_phase2	6.0	215	0.7962962962962963	0.49074074074074076	0.9814814814814815	-0.8284646485811346	0.09892530424338199	0.7944192055807944	0.4844525155474845	0.968905031094969	-0.8218512015721166
522	experimental_phase2	4.0	215	0.9629629629629629	0.33796296296296297	0.6759259259259259	-1.7861555612610762	0.01639041618816937	0.9626030373969626	0.3299306700693299	0.6598613401386598	-1.7817259976513256
523	experimental_phase2	5.0	215	0.7731481481481481	0.39814814814814814	0.7962962962962963	-0.7492547032247756	0.11173728000334764	0.7723472276527723	0.39067660932339066	0.7813532186467813	-0.7465991780969369
524	experimental_phase2	6.0	215	0.7037037037037037	0.5972222222222222	1.0	-0.5350828150863223	0.15261016320615833	0.7023902976097024	0.5867004132995867	1.0	-0.5312877329058528
525	experimental_phase2	5.0	215	0.6944444444444444	0.47685185185185186	0.9537037037037037	-0.5084880591093566	0.15836249209524966	0.6924643075356924	0.4610955389044611	0.9221910778089222	-0.5028476562093733
526	experimental_phase2	4.0	215	0.9861111111111112	0.4398148148148148	0.8796296296296297	-2.200410581210034	0.006074147712193152	0.985973014026986	0.42324557675442326	0.8464911535088465	-2.1965308165277895
527	experimental_phase2	6.0	215	0.6157407407407407	0.7777777777777778	1.0	-0.2943132895814767	0.21060211018384514	0.6137823862176138	0.5583734416265583	1.0	-0.289190988437178
528	experimental_phase2	4.0	215	nan	nan	nan	nan	nan	nan	nan	nan	nan
529	experimental_phase2	11.0	215	0.09722222222222222	0.9305555555555556	0.19444444444444445	1.2975429286165534	1.0122344564170116	0.09287790712209287	0.762055237944762	0.18575581424418575	1.3232392886794924
530	experimental_phase2	4.0	215	0.9953703703703703	0.18518518518518517	0.37037037037037035	-2.602330427657113	0.002015291235325575	0.9952990047009953	0.1765068234931765	0.353013646986353	-2.597080429469995
531	experimental_phase2	5.0	215	0.8009259259259259	0.32407407407407407	0.6481481481481481	-0.8449331792930638	0.09640764802213547	0.7994212005787994	0.12085187914812086	0.24170375829624172	-0.8395556067073996
532	experimental_phase2	6.0	215	0.5509259259259259	0.7824074074074074	1.0	-0.1280010423545018	0.2589067897584001	0.5487694512305488	0.539007460992539	1.0	-0.12255297071948101
533	experimental_phase2	7.0	215	0.3194444444444444	0.7777777777777778	0.6388888888888888	0.46925288381280217	0.4956046604136756	0.31566968433031567	0.6047033952966047	0.6313393686606313	0.4798425300248884
534	experimental_phase2	5.0	215	0.6574074074074074	0.5138888888888888	1.0	-0.4053977219782403	0.1821654067678744	0.655974344025656	0.49222650777349225	0.9844530155469845	-0.4015009865550472
535	experimental_phase2	7.0	215	0.3333333333333333	0.8101851851851852	0.6666666666666666	0.43072729929545756	0.4771212547196625	0.32954367045632954	0.8047331952668048	0.6590873409126591	0.44117357656260536
536	experimental_phase2	6.0	215	0.4861111111111111	0.7916666666666666	0.9722222222222222	0.0348213172603477	0.31326445208099285	0.4842185157814842	0.5581644418355581	0.9684370315629685	0.039568637418014335
537	experimental_phase2	9.0	215	0.14351851851851852	0.9120370370370371	0.28703703703703703	1.064644051938388	0.8430920573166583	0.1389068610931389	0.9074510925489074	0.2778137221862778	1.085243726696478
538	experimental_phase2	8.0	215	0.09259259259259259	0.9675925925925926	0.18518518518518517	1.3249576888929773	1.0334237554869496	0.08821791178208822	0.9440150559849441	0.17643582356417645	1.3518108773514363
539	experimental_phase2	6.0	215	0.6157407407407407	0.6620370370370371	1.0	-0.2943132895814767	0.21060211018384514	0.6137763862236137	0.6513323486676513	1.0	-0.2891753064859327
540	experimental_phase2	4.0	215	0.9722222222222222	0.3287037037037037	0.6574074074074074	-1.9145058250555569	0.012234456417011635	0.9722770277229723	0.3208916791083209	0.6417833582166418	-1.9153652109326367
541	experimental_phase2	5.0	215	0.8611111111111112	0.2824074074074074	0.5648148148148148	-1.0853249080767589	0.06494080693301456	0.8608891391108608	0.27365972634027363	0.5473194526805473	-1.0843227498855055
542	experimental_phase2	5.0	215	0.6527777777777778	0.5	1.0	-0.3928308136497295	0.185234638495551	0.6516563483436516	0.4923845076154924	0.9847690152309848	-0.3897961332095342
543	experimental_phase2	5.0	215	0.8796296296296297	0.2638888888888889	0.5277777777777778	-1.1731373249266583	0.05570015019810193	0.8795591204408796	0.14004385995614005	0.2800877199122801	-1.1727856873909581
544	experimental_phase2	9.0	215	0.12037037037037036	0.9166666666666666	0.24074074074074073	1.1731373249266583	0.9194804031801129	0.11623788376211623	0.9116760883239117	0.23247576752423246	1.1940056255037939
545	experimental_phase2	4.0	215	0.9907407407407407	0.18981481481481483	0.37962962962962965	-2.3550840094933703	0.004039977801740079	0.9907830092169908	0.18116481883518115	0.3623296376703623	-2.3567836834064315
546	experimental_phase2	7.0	215	0.33796296296296297	0.7546296296296297	0.6759259259259259	0.4180289841784325	0.471130891030475	0.334017665982334	0.7441372558627442	0.668035331964668	0.42884595649852986
547	experimental_phase2	4.0	215	0.9953703703703703	0.1574074074074074	0.3148148148148148	-2.602330427657113	0.002015291235325575	0.9954270045729954	0.14857385142614857	0.29714770285229714	-2.606548357000907
548	experimental_phase2	6.0	215	0.6851851851851852	0.6898148148148148	1.0	-0.4822482148379233	0.1641920357559735	0.6831563168436832	0.5305554694445306	1.0	-0.47654330091986863
549	experimental_phase2	12.0	215	0.16666666666666666	0.8842592592592593	0.3333333333333333	0.9674215661017012	0.7781512503836436	0.16244683755316244	0.7859322140677859	0.3248936751063249	0.9844512799466542
550	experimental_phase2	3.0	215	nan	nan	nan	nan	nan	nan	nan	nan	nan
551	experimental_phase2	6.0	215	0.6203703703703703	0.7222222222222222	1.0	-0.3064536576906015	0.20734895278612325	0.6186323813676187	0.7162702837297162	1.0	-0.30189089448355605
552	experimental_phase2	6.0	215	0.7129629629629629	0.7407407407407407	1.0	-0.5620615648282653	0.14693303031446786	0.7123432876567124	0.7343752656247344	1.0	-0.5602434047468837
553	experimental_phase2	6.0	215	0.5648148148148148	0.6805555555555556	1.0	-0.16318805563086275	0.24809392047618273	0.5629104370895629	0.6750853249146751	1.0	-0.15835239228285966
554	experimental_phase2	8.0	215	0.1111111111111111	0.9675925925925926	0.2222222222222222	1.22064034884735	0.9542425094393249	0.1073958926041074	0.9629030370969629	0.2147917852082148	1.240496561538852
555	experimental_phase2	4.0	215	0.9814814814814815	0.25925925925925924	0.5185185185185185	-2.0853555660318293	0.00811789022217945	0.9814020185979814	0.23755476244523754	0.4751095248904751	-2.083606637036955
556	experimental_phase2	6.0	215	0.625	0.6805555555555556	1.0	-0.31863936396437514	0.2041199826559248	0.6234923765076235	0.6742843257156743	1.0	-0.31466601958272017
557	experimental_phase2	10.0	215	0.08333333333333333	0.9629629629629629	0.16666666666666666	1.3829941271006383	1.0791812460476249	0.0786899213100787	0.9585490414509585	0.1573798426201574	1.4139389015378512
558	experimental_phase2	3.0	215	nan	nan	nan	nan	nan	nan	nan	nan	nan
559	experimental_phase2	6.0	215	0.5925925925925926	0.7361111111111112	1.0	-0.2342191939146195	0.22724378150306254	0.5904674095325905	0.49794250205749796	0.9958850041149959	-0.22874749077920006
560	experimental_phase2	9.0	215	0.17592592592592593	0.8657407407407407	0.35185185185185186	0.9310033102379446	0.7546701545341208	0.17152482847517153	0.698056301943698	0.34304965695034306	0.9481567585470015
561	experimental_phase2	10.0	215	0.037037037037037035	0.9768518518518519	0.07407407407407407	1.7861555612610769	1.4313637641589874	0.03259096740903259	0.9628640371359629	0.06518193481806518	1.8440082709256163
562	experimental_phase2	6.0	215	0.7453703703703703	0.4861111111111111	0.9722222222222222	-0.6599915386195615	0.1276278751190812	0.7436482563517437	0.38181161818838183	0.7636232363767637	-0.6546339079543364
563	experimental_phase2	7.0	215	0.25925925925925924	0.9120370370370371	0.5185185185185185	0.6456307492759821	0.5862657241447304	0.25592874407125593	0.8974891025108975	0.5118574881425119	0.6559481467555048
564	experimental_phase2	4.0	215	0.9907407407407407	0.39351851851851855	0.7870370370370371	-2.3550840094933703	0.004039977801740079	0.9906630093369907	0.38186461813538186	0.7637292362707637	-2.3519759689578716
565	experimental_phase2	5.0	215	0.8518518518518519	0.33796296296296297	0.6759259259259259	-1.044408794872596	0.06963592814139442	0.8508131491868508	0.1854908145091855	0.370981629018371	-1.0399272489851719
566	experimental_phase2	5.0	215	0.8194444444444444	0.3148148148148148	0.6296296296296297	-0.9132499266836088	0.08648048478912428	0.8188401811598188	0.13085986914013087	0.26171973828026174	-0.91095395012483
567	experimental_phase2	4.0	215	0.9907407407407407	0.47685185185185186	0.9537037037037037	-2.3550840094933703	0.004039977801740079	0.9906970093029906	0.46503553496446504	0.9300710699289301	-2.353332639501719
568	experimental_phase2	6.0	215	0.49537037037037035	0.7638888888888888	0.9907407407407407	0.011605021012730296	0.3050699734657213	0.49357350642649356	0.7483182516817484	0.9871470128529871	0.01610952725330632
569	experimental_phase2	6.0	215	0.6064814814814815	0.6712962962962963	1.0	-0.2701601653137345	0.2171824554951666	0.6048163951836049	0.6652483347516652	1.0	-0.265833801595322
570	experimental_phase2	8.0	215	0.19444444444444445	0.9120370370370371	0.3888888888888889	0.8616341201741723	0.7112044607530305	0.1901208098791901	0.9077850922149078	0.3802416197583802	0.8774511891663426
571	experimental_phase2	6.0	215	0.6342592592592593	0.6805555555555556	1.0	-0.3431554982017413	0.1977331839945241	0.6317013682986317	0.5068124931875068	1.0	-0.3363628460858558
572	experimental_phase2	4.0	215	0.9629629629629629	0.5370370370370371	1.0	-1.7861555612610762	0.01639041618816937	0.9628980371019629	0.5209474790525209	1.0	-1.7853539333873747
573	experimental_phase2	6.0	215	0.6296296296296297	0.6990740740740741	1.0	-0.33087257172641926	0.20091484278071337	0.628075371924628	0.6925983074016926	1.0	-0.32676021061695304
574	experimental_phase2	7.0	215	0.25462962962962965	0.8518518518518519	0.5092592592592593	0.6599915386195615	0.594091061656687	0.2516177483822516	0.6041983958016042	0.5032354967645032	0.6694076127322863
575	experimental_phase2	13.0	215	0.023148148148148147	0.9907407407407407	0.046296296296296294	1.9926818479586275	1.6354837468149122	0.01866298133701866	0.9812590187409812	0.03732596267403732	2.082180752550799
576	experimental_phase2	4.0	215	0.9398148148148148	0.4675925925925926	0.9351851851851852	-1.5532208980015314	0.026957713237718	0.9398200601799398	0.4411455588544411	0.8822911177088822	-1.553264826579236
577	experimental_phase2	4.0	215	0.9953703703703703	0.26851851851851855	0.5370370370370371	-2.602330427657113	0.002015291235325575	0.9953810046189954	0.26035673964326034	0.5207134792865207	-2.603118906855973
578	experimental_phase2	4.0	215	0.9814814814814815	0.27314814814814814	0.5462962962962963	-2.0853555660318293	0.00811789022217945	0.9814090185909814	0.2509357490642509	0.5018714981285018	-2.0837604467533115
579	experimental_phase2	8.0	215	0.037037037037037035	0.9907407407407407	0.07407407407407407	1.7861555612610769	1.4313637641589874	0.032501967498032504	0.9395090604909395	0.06500393499606501	1.845231053821999
580	experimental_phase2	6.0	215	0.5231481481481481	0.7916666666666666	1.0	-0.05805639979465226	0.2813753076675112	0.5212554787445213	0.7627652372347627	1.0	-0.05330481667173335
581	experimental_phase2	4.0	215	0.9722222222222222	0.24537037037037038	0.49074074074074076	-1.9145058250555569	0.012234456417011635	0.9723090276909723	0.2145877854122146	0.4291755708244292	-1.915867646073402
582	experimental_phase2	5.0	215	0.7592592592592593	0.41203703703703703	0.8240740740740741	-0.7039217888285135	0.11960990310323298	0.7572782427217573	0.4047265952734047	0.8094531905468094	-0.6975742104472828
583	experimental_phase2	6.0	215	0.7407407407407407	0.5879629629629629	1.0	-0.645630749275982	0.13033376849500614	0.7401912598087402	0.45505854494145503	0.9101170898829101	-0.643935160694384
584	experimental_phase2	4.0	215	0.9953703703703703	0.35185185185185186	0.7037037037037037	-2.602330427657113	0.002015291235325575	0.9955400044599956	0.34445165554834445	0.6889033110966889	-2.615105453095121
585	experimental_phase2	4.0	215	nan	nan	nan	nan	nan	nan	nan	nan	nan
586	experimental_phase2	6.0	215	0.5555555555555556	0.6805555555555556	1.0	-0.13971029888186212	0.255272505103306	0.5524764475235525	0.6706333293666706	1.0	-0.131920586893812
587	experimental_phase2	8.0	215	0.11574074074074074	0.9490740740740741	0.23148148148148148	1.196551326901559	0.9365137424788933	0.11104488895511104	0.94002305997694	0.22208977791022208	1.2209900743297943
588	experimental_phase2	13.0	215	0.046296296296296294	0.9722222222222222	0.09259259259259259	1.6818775202575997	1.334453751150931	0.041863958136041865	0.9628750371249629	0.08372791627208373	1.7294537554274185
589	experimental_phase2	4.0	215	0.9259259259259259	0.5092592592592593	1.0	-1.446103592918175	0.0334237554869497	0.9253670746329253	0.49297150702849296	0.9859430140569859	-1.4421294772978248
590	experimental_phase2	7.0	215	0.33796296296296297	0.8564814814814815	0.6759259259259259	0.4180289841784325	0.471130891030475	0.3350856649143351	0.8506721493278506	0.6701713298286702	0.42591287918325627
591	experimental_phase2	5.0	215	0.6435185185185185	0.5416666666666666	1.0	-0.367879665820457	0.19143895089683582	0.6422883577116423	0.5116754883245117	1.0	-0.3645822259304595
592	experimental_phase2	5.0	215	0.7037037037037037	0.49074074074074076	0.9814814814814815	-0.5350828150863223	0.15261016320615833	0.7023772976227024	0.47022452977547025	0.9404490595509405	-0.5312502077980578
593	experimental_phase2	6.0	215	0.5092592592592593	0.7361111111111112	1.0	-0.023211605212385036	0.2930610659927058	0.5062884937115063	0.725982274017726	1.0	-0.01576356896625639
594	experimental_phase2	4.0	215	0.9629629629629629	0.35648148148148145	0.7129629629629629	-1.7861555612610762	0.01639041618816937	0.9631010368989631	0.3158936841063159	0.6317873682126318	-1.787864161428108
595	experimental_phase2	4.0	215	0.9861111111111112	0.19907407407407407	0.39814814814814814	-2.200410581210034	0.006074147712193152	0.985995014004986	0.18086681913318087	0.36173363826636173	-2.19714668299888
596	experimental_phase2	6.0	215	0.6018518518518519	0.6851851851851852	1.0	-0.2581433244208951	0.22051039884409412	0.5992854007145992	0.47454352545647455	0.9490870509129491	-0.25149788320572675
597	experimental_phase2	5.0	215	0.7824074074074074	0.38425925925925924	0.7685185185185185	-0.7803494979822506	0.10656704653725733	0.7804812195187805	0.3776276223723776	0.7552552447447552	-0.7738194633651828
